"Date","Price","Open","High","Low","Vol.","Change %"
"May 01, 2020","14.905","15.005","15.045","14.848","-","-0.67%"
"Apr 30, 2020","15.005","15.415","15.760","14.795","-","-2.63%"
"Apr 29, 2020","15.410","15.185","15.473","15.155","-","1.46%"
"Apr 28, 2020","15.188","15.248","15.315","14.940","-","-0.35%"
"Apr 27, 2020","15.242","15.365","15.447","15.105","-","-0.80%"
"Apr 26, 2020","15.365","15.350","15.390","15.290","-","0.07%"
"Apr 24, 2020","15.355","15.365","15.547","15.090","-","-0.01%"
"Apr 23, 2020","15.357","15.280","15.717","15.207","-","0.48%"
"Apr 22, 2020","15.283","14.985","15.365","14.783","-","2.04%"
"Apr 21, 2020","14.977","15.492","15.557","14.562","-","-3.30%"
"Apr 20, 2020","15.488","15.248","15.693","15.215","-","1.59%"
"Apr 19, 2020","15.245","15.290","15.355","15.235","-","-0.67%"
"Apr 17, 2020","15.348","15.735","15.797","15.197","-","-2.48%"
"Apr 16, 2020","15.738","15.602","15.910","15.443","-","0.80%"
"Apr 15, 2020","15.613","15.970","16.080","15.482","-","-2.22%"
"Apr 14, 2020","15.967","15.730","16.297","15.707","-","1.51%"
"Apr 13, 2020","15.730","15.755","15.895","15.383","-","-0.22%"
"Apr 12, 2020","15.765","15.865","15.973","15.732","-","-0.94%"
"Apr 10, 2020","15.915","15.915","15.915","15.915","-","-0.02%"
"Apr 09, 2020","15.918","15.238","16.082","15.232","-","4.44%"
"Apr 08, 2020","15.242","15.270","15.445","15.125","-","-0.23%"
"Apr 07, 2020","15.277","15.650","15.812","15.207","-","-2.32%"
"Apr 06, 2020","15.640","14.527","15.915","14.463","-","7.64%"
"Apr 05, 2020","14.530","14.500","14.570","14.357","-","0.03%"
"Apr 03, 2020","14.525","14.623","14.745","14.443","-","-0.63%"
"Apr 02, 2020","14.617","14.090","14.715","13.992","-","3.75%"
"Apr 01, 2020","14.088","14.135","14.262","13.940","-","-0.33%"
"Mar 31, 2020","14.135","14.152","14.428","14.055","-","-0.16%"
"Mar 30, 2020","14.158","14.555","14.605","13.955","-","-2.71%"
"Mar 29, 2020","14.553","14.565","14.710","14.473","-","0.38%"
"Mar 27, 2020","14.498","14.335","14.450","14.335","0.08K","-0.97%"
"Mar 26, 2020","14.640","14.830","14.845","14.815","0.14K","-1.33%"
"Mar 25, 2020","14.837","14.715","14.715","14.455","0.26K","4.27%"
"Mar 24, 2020","14.229","13.360","14.075","13.360","0.18K","7.59%"
"Mar 23, 2020","13.225","12.900","13.165","12.900","0.14K","6.35%"
"Mar 22, 2020","12.435","12.643","12.662","12.290","-","0.70%"
"Mar 20, 2020","12.349","12.080","12.860","12.080","0.10K","2.08%"
"Mar 19, 2020","12.097","12.070","12.205","11.895","0.05K","3.08%"
"Mar 18, 2020","11.735","12.560","12.825","11.740","0.18K","-5.89%"
"Mar 17, 2020","12.469","12.550","12.710","12.415","0.19K","-2.37%"
"Mar 16, 2020","12.772","14.885","14.885","11.850","0.10K","-13.59%"
"Mar 15, 2020","14.780","14.655","15.245","14.655","-","2.24%"
"Mar 13, 2020","14.456","15.755","15.765","14.425","0.51K","-9.43%"
"Mar 12, 2020","15.961","16.430","16.615","15.600","0.05K","-4.59%"
"Mar 11, 2020","16.729","16.855","16.860","16.640","0.15K","-1.05%"
"Mar 10, 2020","16.906","16.850","17.145","16.765","0.10K","-0.56%"
"Mar 09, 2020","17.001","17.435","17.435","16.570","0.05K","-2.81%"
"Mar 08, 2020","17.492","17.343","17.600","17.343","-","1.61%"
"Mar 06, 2020","17.214","17.460","17.485","17.000","0.05K","-0.74%"
"Mar 05, 2020","17.342","17.155","17.405","17.120","0.07K","0.90%"
"Mar 04, 2020","17.187","17.190","17.245","17.050","0.07K","0.34%"
"Mar 03, 2020","17.129","16.875","17.320","16.740","0.31K","2.70%"
"Mar 02, 2020","16.679","16.495","16.975","16.390","0.52K","0.69%"
"Mar 01, 2020","16.565","16.625","16.710","16.445","-","1.09%"
"Feb 28, 2020","16.387","17.690","17.795","16.340","0.71K","-7.20%"
"Feb 27, 2020","17.658","17.865","18.080","17.580","13.50K","-0.99%"
"Feb 26, 2020","17.834","17.965","18.170","17.745","96.32K","-1.96%"
"Feb 25, 2020","18.191","18.625","18.640","17.820","153.70K","-3.63%"
"Feb 24, 2020","18.876","18.650","18.920","18.510","140.49K","1.22%"
"Feb 23, 2020","18.648","18.457","18.793","18.457","-","0.64%"
"Feb 21, 2020","18.530","18.360","18.625","18.335","114.90K","1.15%"
"Feb 20, 2020","18.319","18.425","18.440","18.205","98.11K","0.04%"
"Feb 19, 2020","18.311","18.155","18.450","18.135","93.64K","0.89%"
"Feb 18, 2020","18.150","17.725","18.215","17.670","129.96K","2.04%"
"Feb 17, 2020","17.788","17.712","17.863","17.703","-","0.40%"
"Feb 16, 2020","17.718","17.773","17.785","17.670","-","-0.09%"
"Feb 14, 2020","17.734","17.625","17.790","17.595","56.24K","0.65%"
"Feb 13, 2020","17.619","17.455","17.715","17.440","69.82K","0.70%"
"Feb 12, 2020","17.497","17.620","17.650","17.435","73.62K","-0.57%"
"Feb 11, 2020","17.597","17.755","17.800","17.550","70.84K","-1.06%"
"Feb 10, 2020","17.785","17.705","17.825","17.665","57.05K","0.33%"
"Feb 09, 2020","17.727","17.683","17.762","17.670","-","0.20%"
"Feb 07, 2020","17.692","17.810","17.855","17.605","68.87K","-0.71%"
"Feb 06, 2020","17.818","17.610","17.875","17.575","60.51K","1.23%"
"Feb 05, 2020","17.602","17.565","17.710","17.465","59.86K","0.23%"
"Feb 04, 2020","17.561","17.650","17.770","17.510","59.68K","-0.62%"
"Feb 03, 2020","17.670","18.100","18.125","17.580","83.12K","-2.20%"
"Feb 02, 2020","18.067","18.115","18.117","18.020","-","0.31%"
"Jan 31, 2020","18.012","17.825","18.090","17.760","63.34K","0.11%"
"Jan 30, 2020","17.992","17.540","18.040","17.520","96.96K","2.89%"
"Jan 29, 2020","17.487","17.440","17.575","17.280","63.16K","0.17%"
"Jan 28, 2020","17.458","18.095","18.115","17.420","110.54K","-3.31%"
"Jan 27, 2020","18.056","18.260","18.375","18.040","67.72K","-0.89%"
"Jan 26, 2020","18.218","18.115","18.370","18.115","-","0.58%"
"Jan 24, 2020","18.113","17.800","18.145","17.740","68.05K","1.59%"
"Jan 23, 2020","17.829","17.835","17.910","17.590","69.27K","0.01%"
"Jan 22, 2020","17.828","17.785","17.930","17.675","57.76K","0.11%"
"Jan 21, 2020","17.808","18.040","18.155","17.620","135.96K","-1.47%"
"Jan 20, 2020","18.073","18.045","18.133","18.003","-","0.17%"
"Jan 19, 2020","18.043","18.032","18.060","18.027","-","-0.17%"
"Jan 17, 2020","18.073","17.950","18.185","17.905","69.18K","0.75%"
"Jan 16, 2020","17.939","18.010","18.055","17.875","58.31K","-0.27%"
"Jan 15, 2020","17.988","17.800","18.055","17.755","73.76K","1.39%"
"Jan 14, 2020","17.742","17.975","17.985","17.690","84.39K","-1.41%"
"Jan 13, 2020","17.996","18.130","18.130","17.935","59.33K","-0.45%"
"Jan 12, 2020","18.078","18.135","18.150","18.052","-","-0.15%"
"Jan 10, 2020","18.105","17.920","18.175","17.860","80.66K","0.94%"
"Jan 09, 2020","17.936","18.120","18.225","17.815","101.36K","-1.27%"
"Jan 08, 2020","18.167","18.450","18.895","18.085","180.48K","-1.23%"
"Jan 07, 2020","18.393","18.185","18.470","17.975","111.96K","1.18%"
"Jan 06, 2020","18.179","18.170","18.550","18.045","136.41K","-0.18%"
"Jan 05, 2020","18.212","18.098","18.343","18.098","-","0.34%"
"Jan 03, 2020","18.151","18.070","18.325","18.040","110.02K","0.58%"
"Jan 02, 2020","18.046","17.905","18.150","17.830","90.11K","0.60%"
"Jan 01, 2020","17.938","17.913","18.000","17.913","-","0.09%"
"Dec 31, 2019","17.921","17.970","18.200","17.870","62.11K","-0.44%"
"Dec 30, 2019","18.001","17.860","18.020","17.830","62.95K","0.69%"
"Dec 29, 2019","17.878","17.835","17.887","17.835","-","-0.36%"
"Dec 27, 2019","17.943","17.995","18.050","17.815","70.18K","-0.26%"
"Dec 26, 2019","17.990","17.830","18.135","17.810","89.08K","0.89%"
"Dec 25, 2019","17.832","17.850","17.863","17.808","-","-0.12%"
"Dec 24, 2019","17.853","17.515","17.865","17.425","64.68K","2.02%"
"Dec 23, 2019","17.499","17.230","17.520","17.230","65.08K","1.46%"
"Dec 22, 2019","17.247","17.262","17.262","17.238","-","0.13%"
"Dec 20, 2019","17.224","17.115","17.315","17.080","65.65K","0.41%"
"Dec 19, 2019","17.154","17.065","17.180","16.950","47.39K","0.62%"
"Dec 18, 2019","17.049","17.060","17.125","16.935","47.19K","-0.13%"
"Dec 17, 2019","17.072","17.105","17.170","17.015","45.74K","-0.24%"
"Dec 16, 2019","17.113","17.005","17.140","16.955","48.65K","0.77%"
"Dec 15, 2019","16.983","17.000","17.027","16.980","-","-0.17%"
"Dec 13, 2019","17.012","16.970","17.095","16.895","77.90K","0.37%"
"Dec 12, 2019","16.949","16.930","17.185","16.820","113.42K","0.59%"
"Dec 11, 2019","16.849","16.710","17.025","16.650","62.67K","0.88%"
"Dec 10, 2019","16.702","16.655","16.770","16.625","50.20K","0.36%"
"Dec 09, 2019","16.642","16.600","16.730","16.565","53.51K","0.03%"
"Dec 08, 2019","16.637","16.602","16.637","16.598","-","0.25%"
"Dec 06, 2019","16.596","17.020","17.125","16.575","110.18K","-2.71%"
"Dec 05, 2019","17.059","16.920","17.075","16.870","69.27K","0.85%"
"Dec 04, 2019","16.916","17.250","17.415","16.865","112.99K","-1.92%"
"Dec 03, 2019","17.248","16.980","17.285","16.945","90.11K","1.66%"
"Dec 02, 2019","16.966","17.070","17.100","16.895","71.95K","-0.56%"
"Dec 01, 2019","17.062","17.098","17.102","17.052","-","-0.26%"
"Nov 29, 2019","17.106","17.060","17.125","16.935","69.20K","0.43%"
"Nov 28, 2019","17.032","17.080","17.102","17.003","-","-0.13%"
"Nov 27, 2019","17.055","17.190","17.200","17.025","61.62K","-0.77%"
"Nov 26, 2019","17.188","16.820","17.225","16.820","56.28K","0.93%"
"Nov 25, 2019","17.030","17.100","17.115","16.965","33.56K","-0.01%"
"Nov 24, 2019","17.032","17.155","17.155","17.010","-","-0.67%"
"Nov 22, 2019","17.147","17.220","17.355","17.100","25.74K","-0.37%"
"Nov 21, 2019","17.211","17.280","17.310","17.155","30.87K","-0.29%"
"Nov 20, 2019","17.261","17.275","17.325","17.150","23.13K","-0.02%"
"Nov 19, 2019","17.265","17.145","17.300","17.080","21.16K","0.71%"
"Nov 18, 2019","17.143","17.095","17.170","16.850","17.15K","1.07%"
"Nov 17, 2019","16.962","16.935","16.968","16.933","-","-0.76%"
"Nov 15, 2019","17.092","17.135","17.150","16.920","8.56K","-0.47%"
"Nov 14, 2019","17.172","17.080","17.225","16.995","11.07K","0.67%"
"Nov 13, 2019","17.057","16.910","17.140","16.910","19.63K","1.32%"
"Nov 12, 2019","16.835","16.960","17.000","16.760","16.71K","-0.67%"
"Nov 11, 2019","16.948","16.925","17.050","16.780","15.25K","0.87%"
"Nov 10, 2019","16.802","16.762","16.808","16.758","-","-0.98%"
"Nov 08, 2019","16.969","17.225","17.235","16.805","15.47K","-1.10%"
"Nov 07, 2019","17.157","17.760","17.790","17.055","20.21K","-3.34%"
"Nov 06, 2019","17.749","17.715","17.780","17.520","6.85K","0.17%"
"Nov 05, 2019","17.718","18.205","18.235","17.670","7.72K","-2.76%"
"Nov 04, 2019","18.220","18.250","18.380","18.115","3.10K","0.54%"
"Nov 03, 2019","18.122","18.110","18.133","18.090","-","-0.46%"
"Nov 01, 2019","18.206","18.230","18.295","18.095","8.12K","-0.08%"
"Oct 31, 2019","18.220","18.005","18.335","17.960","2.91K","1.11%"
"Oct 30, 2019","18.020","17.970","18.115","17.740","2.20K","0.20%"
"Oct 29, 2019","17.984","18.005","18.055","17.770","2.79K","-0.25%"
"Oct 28, 2019","18.029","18.210","18.270","17.955","4.09K","-0.02%"
"Oct 27, 2019","18.032","18.038","18.062","18.010","-","-0.25%"
"Oct 25, 2019","18.077","17.955","18.495","17.950","3.64K","0.69%"
"Oct 24, 2019","17.953","17.725","18.000","17.645","1.61K","1.28%"
"Oct 23, 2019","17.726","17.710","17.765","17.690","2.69K","0.46%"
"Oct 22, 2019","17.644","17.700","17.805","17.590","0.87K","-0.57%"
"Oct 21, 2019","17.745","17.735","18.035","17.685","1.15K","0.86%"
"Oct 20, 2019","17.593","17.570","17.605","17.565","-","-0.71%"
"Oct 18, 2019","17.719","17.695","17.755","17.580","0.78K","-0.19%"
"Oct 17, 2019","17.752","17.540","17.805","17.485","1.13K","1.07%"
"Oct 16, 2019","17.564","17.565","17.610","17.320","1.44K","0.25%"
"Oct 15, 2019","17.520","17.860","17.875","17.515","0.63K","-1.83%"
"Oct 14, 2019","17.847","17.635","17.860","17.605","0.45K","1.91%"
"Oct 13, 2019","17.512","17.535","17.595","17.497","-","-0.96%"
"Oct 11, 2019","17.681","17.685","17.920","17.520","1.97K","-0.33%"
"Oct 10, 2019","17.739","17.945","18.060","17.600","2.16K","-1.16%"
"Oct 09, 2019","17.947","17.970","18.100","17.885","2.20K","0.63%"
"Oct 08, 2019","17.835","17.625","17.985","17.455","1.43K","0.91%"
"Oct 07, 2019","17.674","17.745","17.765","17.580","1.45K","0.33%"
"Oct 06, 2019","17.615","17.598","17.688","17.580","-","-0.80%"
"Oct 04, 2019","17.757","17.770","17.850","17.460","0.60K","-0.29%"
"Oct 03, 2019","17.808","17.740","17.970","17.655","1.81K","-0.04%"
"Oct 02, 2019","17.816","17.425","17.860","17.395","1.47K","2.19%"
"Oct 01, 2019","17.434","17.185","17.500","17.075","2.00K","1.77%"
"Sep 30, 2019","17.130","17.770","17.770","17.120","3.60K","-2.55%"
"Sep 29, 2019","17.578","17.595","17.657","17.555","-","-1.18%"
"Sep 27, 2019","17.787","18.015","18.065","17.490","4.87K","-1.44%"
"Sep 26, 2019","18.047","18.110","18.235","17.925","1.25K","-0.88%"
"Sep 25, 2019","18.208","18.850","18.885","18.015","1.67K","-2.96%"
"Sep 24, 2019","18.764","18.850","18.930","18.455","1.59K","-0.44%"
"Sep 23, 2019","18.846","18.180","18.910","18.160","1.74K","4.43%"
"Sep 22, 2019","18.047","18.052","18.058","18.012","-","0.37%"
"Sep 20, 2019","17.981","18.040","18.165","17.955","0.74K","-0.20%"
"Sep 19, 2019","18.017","17.960","18.105","17.850","0.72K","-0.19%"
"Sep 18, 2019","18.052","18.145","18.190","17.740","0.64K","-1.21%"
"Sep 17, 2019","18.274","18.075","18.300","17.965","1.77K","0.63%"
"Sep 16, 2019","18.160","17.830","18.180","17.820","1.23K","1.89%"
"Sep 15, 2019","17.823","17.517","17.843","17.517","-","0.68%"
"Sep 13, 2019","17.703","18.235","18.395","17.615","4.79K","-3.32%"
"Sep 12, 2019","18.311","18.315","18.675","18.225","3.04K","0.04%"
"Sep 11, 2019","18.303","18.245","18.460","18.120","2.33K","-0.08%"
"Sep 10, 2019","18.318","18.160","18.385","17.995","3.66K","0.10%"
"Sep 09, 2019","18.299","18.315","18.515","18.160","3.69K","0.18%"
"Sep 08, 2019","18.267","18.262","18.282","18.157","-","0.08%"
"Sep 06, 2019","18.253","18.880","19.020","18.190","3.06K","-3.64%"
"Sep 05, 2019","18.942","19.730","19.790","18.730","2.64K","-3.76%"
"Sep 04, 2019","19.682","19.460","19.870","19.425","2.41K","1.63%"
"Sep 03, 2019","19.367","18.760","19.510","18.500","4.19K","4.73%"
"Sep 02, 2019","18.492","18.562","18.652","18.367","-","-0.40%"
"Sep 01, 2019","18.567","18.475","18.683","18.475","-","0.54%"
"Aug 30, 2019","18.467","18.465","18.695","18.295","2.37K","0.10%"
"Aug 29, 2019","18.448","18.560","18.870","18.290","3.11K","-0.69%"
"Aug 28, 2019","18.577","18.410","18.730","18.300","2.71K","0.87%"
"Aug 27, 2019","18.416","17.945","18.440","17.925","2.58K","2.87%"
"Aug 26, 2019","17.902","17.740","18.000","17.740","1.07K","0.51%"
"Aug 25, 2019","17.812","17.552","17.863","17.552","-","0.82%"
"Aug 23, 2019","17.668","17.275","17.710","17.220","1.52K","2.18%"
"Aug 22, 2019","17.291","17.300","17.350","17.200","1.87K","-0.65%"
"Aug 21, 2019","17.405","17.360","17.410","17.240","0.59K","0.02%"
"Aug 20, 2019","17.401","17.095","17.420","17.095","1.76K","1.22%"
"Aug 19, 2019","17.191","17.360","17.360","17.085","0.99K","0.73%"
"Aug 18, 2019","17.067","17.108","17.122","17.060","-","-1.79%"
"Aug 16, 2019","17.378","17.540","17.565","17.300","0.42K","-0.52%"
"Aug 15, 2019","17.469","17.475","17.615","17.345","1.09K","-0.40%"
"Aug 14, 2019","17.540","17.200","17.550","17.125","1.12K","1.70%"
"Aug 13, 2019","17.246","17.395","17.730","16.800","2.18K","-0.44%"
"Aug 12, 2019","17.323","17.210","17.390","17.060","0.93K","1.92%"
"Aug 11, 2019","16.997","16.968","17.003","16.942","-","-1.09%"
"Aug 09, 2019","17.185","17.265","17.385","17.120","1.64K","-0.01%"
"Aug 08, 2019","17.186","17.365","17.455","17.065","2.06K","-1.50%"
"Aug 07, 2019","17.447","16.885","17.500","16.865","2.55K","4.52%"
"Aug 06, 2019","16.692","16.725","16.740","16.630","1.13K","0.31%"
"Aug 05, 2019","16.640","16.455","16.795","16.435","0.81K","2.70%"
"Aug 04, 2019","16.203","16.218","16.245","16.203","-","-1.92%"
"Aug 02, 2019","16.520","16.580","16.580","16.330","0.46K","0.54%"
"Aug 01, 2019","16.432","16.550","16.650","16.190","0.91K","-1.34%"
"Jul 31, 2019","16.655","16.790","16.790","16.530","0.76K","-0.92%"
"Jul 30, 2019","16.810","16.715","16.880","16.715","0.75K","0.71%"
"Jul 29, 2019","16.692","16.660","16.725","16.650","0.34K","1.77%"
"Jul 28, 2019","16.402","16.427","16.453","16.402","-","-1.47%"
"Jul 26, 2019","16.646","16.710","16.780","16.640","0.65K","-0.05%"
"Jul 25, 2019","16.655","16.870","16.915","16.605","0.96K","-1.26%"
"Jul 24, 2019","16.867","16.625","16.910","16.625","0.80K","0.92%"
"Jul 23, 2019","16.714","16.615","16.805","16.450","1.20K","0.40%"
"Jul 22, 2019","16.647","16.490","16.665","16.490","0.63K","2.55%"
"Jul 21, 2019","16.233","16.230","16.290","16.212","-","-1.20%"
"Jul 19, 2019","16.430","16.615","16.845","16.350","1.53K","0.00%"
"Jul 18, 2019","16.430","16.290","16.615","16.250","0.95K","1.41%"
"Jul 17, 2019","16.201","15.875","16.250","15.825","0.76K","1.83%"
"Jul 16, 2019","15.910","15.675","15.945","15.575","0.93K","2.01%"
"Jul 15, 2019","15.596","15.505","15.640","15.505","1.28K","2.26%"
"Jul 14, 2019","15.252","15.248","15.277","15.227","-","-1.43%"
"Jul 12, 2019","15.473","15.415","15.500","15.310","1.31K","0.59%"
"Jul 11, 2019","15.382","15.540","15.540","15.370","1.98K","-0.52%"
"Jul 10, 2019","15.462","15.360","15.540","15.330","1.73K","0.52%"
"Jul 09, 2019","15.382","15.285","15.390","15.210","1.55K","0.65%"
"Jul 08, 2019","15.282","15.270","15.365","15.270","1.84K","1.89%"
"Jul 07, 2019","14.998","15.018","15.055","14.982","-","-1.53%"
"Jul 05, 2019","15.231","15.480","15.520","15.150","2.37K","-0.78%"
"Jul 04, 2019","15.350","15.342","15.370","15.252","-","-1.34%"
"Jul 03, 2019","15.558","15.580","15.710","15.470","0.93K","0.64%"
"Jul 02, 2019","15.459","15.415","15.500","15.295","1.73K","0.32%"
"Jul 01, 2019","15.410","15.445","15.545","15.370","0.77K","1.17%"
"Jun 30, 2019","15.232","15.350","15.350","15.160","-","-2.05%"
"Jun 28, 2019","15.551","15.485","15.560","15.485","0.60K","0.32%"
"Jun 27, 2019","15.502","15.525","15.525","15.425","0.40K","-0.51%"
"Jun 26, 2019","15.582","15.540","15.605","15.510","1.63K","-0.08%"
"Jun 25, 2019","15.595","15.735","15.765","15.560","8.77K","-0.42%"
"Jun 24, 2019","15.660","15.675","15.720","15.600","3.32K","1.68%"
"Jun 23, 2019","15.402","15.330","15.422","15.330","-","-1.10%"
"Jun 21, 2019","15.573","15.820","15.820","15.495","0.63K","-1.22%"
"Jun 20, 2019","15.766","15.455","15.775","15.455","1.20K","3.46%"
"Jun 19, 2019","15.239","15.225","15.255","15.220","0.24K","-0.23%"
"Jun 18, 2019","15.274","15.165","15.310","15.155","0.41K","1.07%"
"Jun 17, 2019","15.113","15.135","15.135","15.100","0.14K","2.07%"
"Jun 16, 2019","14.807","14.842","14.863","14.803","-","-1.87%"
"Jun 14, 2019","15.089","15.290","15.395","15.095","0.30K","-0.55%"
"Jun 13, 2019","15.173","15.100","15.175","15.065","1.24K","0.88%"
"Jun 12, 2019","15.041","14.995","15.100","14.995","0.79K","0.05%"
"Jun 11, 2019","15.033","14.955","15.070","14.955","1.01K","0.68%"
"Jun 10, 2019","14.931","15.010","15.055","14.925","1.05K","-0.28%"
"Jun 09, 2019","14.973","15.008","15.008","14.953","-","-2.28%"
"Jun 07, 2019","15.322","15.260","15.385","15.250","0.74K","0.90%"
"Jun 06, 2019","15.186","15.220","15.220","15.220","0.73K","0.74%"
"Jun 05, 2019","15.074","15.135","15.250","15.115","0.11K","0.10%"
"Jun 04, 2019","15.059","15.065","15.120","15.005","1.08K","0.19%"
"Jun 03, 2019","15.031","14.865","15.075","14.865","0.93K","2.94%"
"Jun 02, 2019","14.602","14.555","14.602","14.555","-","-1.78%"
"May 31, 2019","14.866","14.785","14.920","14.785","0.40K","0.52%"
"May 30, 2019","14.789","14.670","14.800","14.670","0.21K","0.58%"
"May 29, 2019","14.704","14.630","14.630","14.630","0.48K","0.55%"
"May 28, 2019","14.623","14.900","14.900","14.575","0.38K","0.35%"
"May 27, 2019","14.572","14.553","14.607","14.537","-","0.10%"
"May 26, 2019","14.557","14.545","14.562","14.545","-","-2.03%"
"May 24, 2019","14.859","14.860","14.860","14.855","0.18K","-0.36%"
"May 23, 2019","14.913","14.850","14.930","14.825","0.14K","1.11%"
"May 22, 2019","14.749","14.750","14.750","14.745","0.51K","0.26%"
"May 21, 2019","14.711","14.725","14.725","14.700","0.43K","-0.24%"
"May 20, 2019","14.747","14.670","14.720","14.670","0.47K","2.21%"
"May 19, 2019","14.428","14.390","14.428","14.390","-","-1.76%"
"May 17, 2019","14.686","14.805","14.815","14.680","0.47K","-1.01%"
"May 16, 2019","14.836","15.115","15.115","14.835","0.44K","-1.80%"
"May 15, 2019","15.108","15.080","15.115","15.065","0.52K","-0.04%"
"May 14, 2019","15.114","15.095","15.130","15.095","1.24K","0.21%"
"May 13, 2019","15.083","14.980","15.115","14.955","0.68K","2.20%"
"May 12, 2019","14.758","14.780","14.793","14.758","-","-2.26%"
"May 10, 2019","15.100","15.105","15.115","15.065","0.34K","0.11%"
"May 09, 2019","15.084","15.165","15.165","15.030","0.46K","-0.60%"
"May 08, 2019","15.175","15.265","15.275","15.165","1.01K","-0.50%"
"May 07, 2019","15.251","15.200","15.255","15.145","0.69K","-0.06%"
"May 06, 2019","15.260","15.045","15.070","14.860","0.19K","2.11%"
"May 05, 2019","14.945","14.953","14.988","14.932","-","-2.43%"
"May 03, 2019","15.317","14.965","15.295","14.965","0.28K","2.41%"
"May 02, 2019","14.956","15.045","15.045","14.945","0.27K","-0.76%"
"May 01, 2019","15.071","15.310","15.310","15.010","0.66K","-1.66%"
"Apr 30, 2019","15.326","15.345","15.360","15.195","0.25K","0.37%"
"Apr 29, 2019","15.270","15.345","15.355","15.245","0.17K","1.72%"
"Apr 28, 2019","15.012","15.035","15.035","15.012","-","-2.71%"
"Apr 26, 2019","15.430","15.380","15.450","15.380","0.12K","0.86%"
"Apr 25, 2019","15.299","15.280","15.280","15.240","0.30K","-0.28%"
"Apr 24, 2019","15.342","15.245","15.285","15.245","0.03K","0.81%"
"Apr 23, 2019","15.219","15.200","15.215","15.200","0.05K","-1.22%"
"Apr 22, 2019","15.407","15.440","15.440","15.425","0.14K","2.84%"
"Apr 21, 2019","14.982","14.955","14.988","14.955","-","0.11%"
"Apr 19, 2019","14.965","14.965","14.965","14.965","-","-2.76%"
"Apr 18, 2019","15.390","15.390","15.390","15.390","0.07K","0.13%"
"Apr 17, 2019","15.370","15.385","15.385","15.360","0.02K","0.07%"
"Apr 16, 2019","15.359","15.340","15.340","15.340","0.02K","-0.42%"
"Apr 15, 2019","15.424","15.330","15.330","15.330","0.02K","3.39%"
"Apr 14, 2019","14.918","14.928","14.950","14.912","-","-3.21%"
"Apr 12, 2019","15.412","15.385","15.420","15.385","0.02K","0.63%"
"Apr 11, 2019","15.315","15.570","15.570","15.300","0.17K","-2.45%"
"Apr 10, 2019","15.700","15.655","15.700","15.630","0.33K","0.22%"
"Apr 09, 2019","15.665","15.645","15.765","15.645","0.47K","-0.04%"
"Apr 08, 2019","15.672","15.560","15.680","15.555","0.39K","3.87%"
"Apr 07, 2019","15.088","15.078","15.107","15.078","-","-2.90%"
"Apr 05, 2019","15.539","15.535","15.600","15.510","0.13K","0.05%"
"Apr 04, 2019","15.531","15.295","15.320","15.065","0.20K","-0.14%"
"Apr 03, 2019","15.553","15.535","15.535","15.515","0.27K","0.25%"
"Apr 02, 2019","15.514","15.400","15.400","15.400","0.00K","-0.22%"
"Apr 01, 2019","15.548","15.550","15.555","15.545","0.22K","2.88%"
"Mar 31, 2019","15.113","15.102","15.133","15.098","-","-2.85%"
"Mar 29, 2019","15.557","15.510","15.510","15.510","0.04K","0.93%"
"Mar 28, 2019","15.414","15.625","15.625","15.625","0.10K","-2.09%"
"Mar 27, 2019","15.743","15.630","15.650","15.455","0.72K","-0.91%"
"Mar 26, 2019","15.887","15.725","15.725","15.590","0.45K","-0.81%"
"Mar 25, 2019","16.016","15.615","15.765","15.580","0.01K","3.95%"
"Mar 24, 2019","15.408","15.438","15.447","15.408","-","-2.84%"
"Mar 22, 2019","15.858","15.880","15.880","15.880","0.01K","-0.22%"
"Mar 21, 2019","15.893","16.010","16.010","15.905","0.01K","0.74%"
"Mar 20, 2019","15.776","15.975","15.975","15.975","0.14K","-0.35%"
"Mar 19, 2019","15.832","15.865","15.865","15.865","0.12K","0.31%"
"Mar 18, 2019","15.783","15.450","15.595","15.450","0.11K","3.37%"
"Mar 17, 2019","15.268","15.287","15.310","15.268","-","-3.28%"
"Mar 15, 2019","15.786","15.660","15.660","15.660","0.00K","0.99%"
"Mar 14, 2019","15.632","15.725","15.740","15.725","0.02K","-1.82%"
"Mar 13, 2019","15.922","15.660","15.730","15.630","0.83K","0.28%"
"Mar 12, 2019","15.878","15.910","15.910","15.910","0.00K","0.88%"
"Mar 11, 2019","15.739","15.690","15.690","15.690","0.00K","2.61%"
"Mar 10, 2019","15.338","15.352","15.352","15.322","-","-3.00%"
"Mar 08, 2019","15.813","15.760","15.810","15.760","0.02K","2.01%"
"Mar 07, 2019","15.501","15.500","15.550","15.485","0.04K","-0.28%"
"Mar 06, 2019","15.544","15.585","15.585","15.545","0.06K","-0.17%"
"Mar 05, 2019","15.570","15.550","15.585","15.550","0.04K","-0.01%"
"Mar 04, 2019","15.571","15.690","15.750","15.560","0.06K","2.71%"
"Mar 03, 2019","15.160","15.300","15.300","15.117","-","-3.57%"
"Mar 01, 2019","15.722","16.040","16.060","15.695","0.07K","-2.32%"
"Feb 28, 2019","16.096","16.315","16.315","16.110","0.11K","-0.82%"
"Feb 27, 2019","16.229","16.460","16.460","16.455","0.01K","-0.94%"
"Feb 26, 2019","16.383","16.125","16.175","16.030","0.42K","0.02%"
"Feb 25, 2019","16.380","16.225","16.225","16.100","0.54K","3.13%"
"Feb 24, 2019","15.883","15.880","15.893","15.867","-","-3.48%"
"Feb 22, 2019","16.455","16.335","16.435","16.335","0.01K","0.64%"
"Feb 21, 2019","16.350","16.325","16.325","16.325","0.01K","-2.25%"
"Feb 20, 2019","16.727","16.570","16.735","16.570","0.02K","1.29%"
"Feb 19, 2019","16.514","16.335","16.340","16.300","0.01K","4.61%"
"Feb 18, 2019","15.787","15.752","15.828","15.738","-","0.25%"
"Feb 17, 2019","15.748","15.752","15.760","15.742","-","-3.32%"
"Feb 15, 2019","16.289","15.955","16.045","15.845","0.22K","1.36%"
"Feb 14, 2019","16.070","16.115","16.115","16.020","0.01K","-0.75%"
"Feb 13, 2019","16.191","15.980","16.050","15.875","0.02K","-0.31%"
"Feb 12, 2019","16.242","16.055","16.095","15.945","1.46K","-0.03%"
"Feb 11, 2019","16.247","16.080","16.080","15.945","0.29K","2.71%"
"Feb 10, 2019","15.818","15.822","15.822","15.785","-","-3.35%"
"Feb 08, 2019","16.367","16.060","16.130","16.025","0.54K","0.61%"
"Feb 07, 2019","16.268","15.950","16.010","15.930","0.05K","0.09%"
"Feb 06, 2019","16.253","16.035","16.110","15.935","0.16K","-0.82%"
"Feb 05, 2019","16.388","16.410","16.445","16.410","0.00K","-0.30%"
"Feb 04, 2019","16.438","15.985","16.165","15.985","0.00K","3.31%"
"Feb 03, 2019","15.912","15.910","15.932","15.902","-","-3.43%"
"Feb 01, 2019","16.478","16.525","16.525","16.525","0.01K","-0.84%"
"Jan 31, 2019","16.617","16.680","16.725","16.625","0.03K","0.88%"
"Jan 30, 2019","16.472","16.135","16.235","16.135","1.38K","0.54%"
"Jan 29, 2019","16.384","16.020","16.130","16.020","0.22K","0.50%"
"Jan 28, 2019","16.302","15.925","16.035","15.925","0.09K","3.62%"
"Jan 27, 2019","15.732","15.758","15.765","15.732","-","-3.09%"
"Jan 25, 2019","16.234","15.845","15.945","15.845","0.21K","2.55%"
"Jan 24, 2019","15.831","15.635","15.635","15.560","0.02K","-0.51%"
"Jan 23, 2019","15.912","15.955","15.955","15.955","0.00K","0.38%"
"Jan 22, 2019","15.852","15.785","15.800","15.785","0.00K","3.72%"
"Jan 21, 2019","15.283","15.363","15.383","15.207","-","-0.52%"
"Jan 20, 2019","15.363","15.360","15.395","15.357","-","-3.57%"
"Jan 18, 2019","15.931","15.980","15.980","15.950","0.01K","-0.87%"
"Jan 17, 2019","16.071","16.175","16.175","16.055","0.01K","-0.62%"
"Jan 16, 2019","16.171","15.820","15.915","15.820","0.12K","0.12%"
"Jan 15, 2019","16.152","16.220","16.220","16.220","0.00K","-0.42%"
"Jan 14, 2019","16.220","16.115","16.115","16.115","0.00K","3.73%"
"Jan 13, 2019","15.637","15.635","15.652","15.633","-","-3.39%"
"Jan 11, 2019","16.186","16.130","16.240","16.130","0.10K","0.07%"
"Jan 10, 2019","16.174","16.290","16.290","16.220","0.01K","-0.54%"
"Jan 09, 2019","16.262","16.015","16.020","15.990","0.42K","0.14%"
"Jan 08, 2019","16.239","15.925","16.000","15.915","0.49K","-0.21%"
"Jan 07, 2019","16.273","16.115","16.130","16.085","0.05K","3.29%"
"Jan 06, 2019","15.755","15.770","15.805","15.752","-","-3.37%"
"Jan 04, 2019","16.304","16.140","16.140","16.000","0.53K","-0.07%"
"Jan 03, 2019","16.316","16.140","16.140","16.140","0.01K","0.94%"
"Jan 02, 2019","16.164","15.715","15.925","15.710","0.05K","4.13%"
"Jan 01, 2019","15.523","15.560","15.560","15.515","-","-3.30%"
"Dec 31, 2018","16.052","15.970","15.970","15.970","0.03K","3.98%"
"Dec 30, 2018","15.438","15.457","15.457","15.420","-","-3.20%"
"Dec 28, 2018","15.949","15.630","15.690","15.630","0.05K","0.78%"
"Dec 27, 2018","15.826","15.455","15.545","15.395","0.19K","1.17%"
"Dec 26, 2018","15.643","15.435","15.490","15.405","0.00K","5.61%"
"Dec 25, 2018","14.812","14.835","14.875","14.812","-","-3.40%"
"Dec 24, 2018","15.333","15.035","15.035","15.035","0.03K","4.14%"
"Dec 23, 2018","14.723","14.732","14.738","14.715","-","-3.26%"
"Dec 21, 2018","15.219","15.275","15.275","15.275","0.00K","-1.09%"
"Dec 20, 2018","15.387","15.045","15.045","15.045","0.06K","0.33%"
"Dec 19, 2018","15.336","15.000","15.130","14.915","0.16K","0.77%"
"Dec 18, 2018","15.219","14.950","15.000","14.950","0.13K","-0.37%"
"Dec 17, 2018","15.275","14.920","15.010","14.915","0.05K","4.36%"
"Dec 16, 2018","14.637","14.623","14.648","14.620","-","-3.40%"
"Dec 14, 2018","15.152","14.940","14.945","14.935","0.17K","-1.44%"
"Dec 13, 2018","15.373","15.055","15.120","15.050","0.50K","0.01%"
"Dec 12, 2018","15.372","14.985","15.125","14.985","0.05K","1.45%"
"Dec 11, 2018","15.153","15.025","15.070","14.875","0.63K","0.15%"
"Dec 10, 2018","15.130","14.880","14.940","14.845","0.46K","2.95%"
"Dec 09, 2018","14.697","14.735","14.735","14.697","-","-3.42%"
"Dec 07, 2018","15.218","14.940","14.965","14.905","0.05K","1.20%"
"Dec 06, 2018","15.037","14.805","14.805","14.695","0.03K","-0.52%"
"Dec 05, 2018","15.115","14.670","14.700","14.580","0.58K","-0.38%"
"Dec 04, 2018","15.172","14.880","14.880","14.870","0.15K","0.90%"
"Dec 03, 2018","15.036","14.730","14.880","14.730","0.23K","5.07%"
"Dec 02, 2018","14.310","14.305","14.355","14.290","-","-2.98%"
"Nov 30, 2018","14.749","14.600","14.600","14.390","0.34K","-1.26%"
"Nov 29, 2018","14.937","14.665","14.735","14.635","0.18K","-0.37%"
"Nov 28, 2018","14.992","14.555","14.555","14.555","0.24K","1.59%"
"Nov 27, 2018","14.758","14.610","14.620","14.485","0.03K","-0.87%"
"Nov 26, 2018","14.887","14.640","14.650","14.620","0.23K","3.38%"
"Nov 25, 2018","14.400","14.405","14.425","14.390","-","-3.42%"
"Nov 23, 2018","14.910","14.660","14.660","14.660","0.21K","3.04%"
"Nov 22, 2018","14.470","14.475","14.520","14.435","-","-4.59%"
"Nov 21, 2018","15.166","15.155","15.155","15.155","0.00K","1.62%"
"Nov 20, 2018","14.924","14.795","14.795","14.795","0.06K","-0.94%"
"Nov 19, 2018","15.066","14.755","14.755","14.755","0.05K","4.70%"
"Nov 18, 2018","14.390","14.400","14.400","14.375","-","-4.38%"
"Nov 16, 2018","15.049","14.670","14.780","14.670","0.03K","0.80%"
"Nov 15, 2018","14.929","14.640","14.715","14.640","0.15K","1.29%"
"Nov 14, 2018","14.739","14.395","14.395","14.360","0.05K","0.70%"
"Nov 13, 2018","14.636","14.615","14.615","14.615","0.00K","-0.23%"
"Nov 12, 2018","14.670","14.485","14.485","14.485","0.13K","3.60%"
"Nov 11, 2018","14.160","14.130","14.160","14.130","-","-4.29%"
"Nov 09, 2018","14.795","14.670","14.675","14.495","0.02K","-1.86%"
"Nov 08, 2018","15.075","14.915","14.920","14.910","0.09K","-0.94%"
"Nov 07, 2018","15.218","15.050","15.050","15.050","0.06K","0.52%"
"Nov 06, 2018","15.140","14.850","14.895","14.705","0.63K","-0.93%"
"Nov 05, 2018","15.282","14.960","14.960","14.835","0.63K","3.50%"
"Nov 04, 2018","14.765","14.745","14.770","14.745","-","-4.05%"
"Nov 02, 2018","15.388","14.870","15.095","14.870","0.94K","-0.12%"
"Nov 01, 2018","15.406","14.475","14.990","14.475","0.59K","3.38%"
"Oct 31, 2018","14.902","14.860","14.860","14.645","0.01K","-1.18%"
"Oct 30, 2018","15.080","14.795","14.795","14.795","0.02K","0.11%"
"Oct 29, 2018","15.063","14.895","14.970","14.620","0.33K","2.40%"
"Oct 28, 2018","14.710","14.720","14.740","14.710","-","-3.97%"
"Oct 26, 2018","15.318","15.050","15.050","15.050","0.01K","0.45%"
"Oct 25, 2018","15.249","14.955","14.970","14.825","0.42K","-0.29%"
"Oct 24, 2018","15.294","14.970","14.970","14.885","0.30K","-0.79%"
"Oct 23, 2018","15.416","14.870","15.030","14.870","0.40K","1.40%"
"Oct 22, 2018","15.203","14.885","14.885","14.775","0.09K","3.67%"
"Oct 21, 2018","14.665","14.680","14.680","14.655","-","-3.94%"
"Oct 19, 2018","15.266","14.805","14.930","14.805","0.35K","0.34%"
"Oct 18, 2018","15.215","14.805","14.845","14.720","0.50K","-0.41%"
"Oct 17, 2018","15.277","14.890","14.935","14.835","0.23K","-0.22%"
"Oct 16, 2018","15.311","15.080","15.080","15.040","0.00K","-0.18%"
"Oct 15, 2018","15.339","14.860","14.985","14.845","0.39K","4.63%"
"Oct 14, 2018","14.660","14.620","14.675","14.620","-","-3.83%"
"Oct 12, 2018","15.244","14.975","14.975","14.975","0.01K","0.12%"
"Oct 11, 2018","15.225","14.775","14.870","14.775","0.20K","1.96%"
"Oct 10, 2018","14.932","14.765","14.765","14.735","0.02K","-0.47%"
"Oct 09, 2018","15.002","14.715","14.775","14.715","0.03K","0.52%"
"Oct 08, 2018","14.925","14.835","14.835","14.835","0.02K","1.67%"
"Oct 07, 2018","14.680","14.665","14.695","14.665","-","-3.75%"
"Oct 05, 2018","15.252","15.010","15.010","15.010","0.14K","0.47%"
"Oct 04, 2018","15.181","14.860","14.960","14.770","1.25K","-0.49%"
"Oct 03, 2018","15.255","15.070","15.070","15.070","0.00K","-0.13%"
"Oct 02, 2018","15.275","15.270","15.270","15.090","0.07K","1.25%"
"Oct 01, 2018","15.087","14.815","14.815","14.585","0.69K","2.74%"
"Sep 30, 2018","14.685","14.690","14.720","14.685","-","-3.94%"
"Sep 28, 2018","15.287","14.500","14.910","14.475","0.38K","2.88%"
"Sep 27, 2018","14.859","14.590","14.590","14.590","0.01K","-0.75%"
"Sep 26, 2018","14.971","14.760","14.760","14.760","0.00K","-0.61%"
"Sep 25, 2018","15.063","14.535","14.710","14.535","0.51K","1.07%"
"Sep 24, 2018","14.904","14.615","14.635","14.600","0.01K","4.22%"
"Sep 23, 2018","14.300","14.325","14.330","14.295","-","-4.17%"
"Sep 21, 2018","14.923","14.750","14.750","14.750","0.00K","0.36%"
"Sep 20, 2018","14.869","14.510","14.545","14.475","0.23K","0.17%"
"Sep 19, 2018","14.844","14.370","14.495","14.365","0.11K","0.59%"
"Sep 18, 2018","14.757","14.440","14.440","14.340","0.48K","-0.28%"
"Sep 17, 2018","14.798","14.370","14.420","14.370","0.25K","5.10%"
"Sep 16, 2018","14.080","14.095","14.100","14.070","-","-4.32%"
"Sep 14, 2018","14.715","14.490","14.490","14.325","0.49K","-0.72%"
"Sep 13, 2018","14.822","14.525","14.525","14.435","0.44K","-0.28%"
"Sep 12, 2018","14.863","14.310","14.470","14.310","1.36K","0.98%"
"Sep 11, 2018","14.719","14.335","14.475","14.325","0.00K","-0.16%"
"Sep 10, 2018","14.742","14.400","14.400","14.360","0.81K","3.85%"
"Sep 09, 2018","14.195","14.170","14.205","14.170","-","-3.58%"
"Sep 07, 2018","14.722","14.365","14.460","14.310","0.80K","-0.03%"
"Sep 06, 2018","14.726","14.510","14.510","14.480","0.01K","-0.30%"
"Sep 05, 2018","14.771","14.545","14.545","14.545","0.00K","0.22%"
"Sep 04, 2018","14.739","14.800","14.800","14.800","0.01K","1.51%"
"Sep 03, 2018","14.520","14.560","14.590","14.430","-","-0.27%"
"Sep 02, 2018","14.560","14.565","14.575","14.550","-","-3.77%"
"Aug 31, 2018","15.130","14.775","14.830","14.735","0.19K","-0.25%"
"Aug 30, 2018","15.168","14.900","14.900","14.770","0.05K","-1.40%"
"Aug 29, 2018","15.384","15.000","15.000","14.910","0.08K","-0.54%"
"Aug 28, 2018","15.467","15.400","15.400","15.370","0.01K","-0.40%"
"Aug 27, 2018","15.529","15.060","15.150","15.055","0.13K","4.71%"
"Aug 26, 2018","14.830","14.835","14.840","14.800","-","-4.12%"
"Aug 24, 2018","15.468","14.835","15.105","14.835","0.45K","1.73%"
"Aug 23, 2018","15.205","14.850","14.850","14.825","0.05K","-1.36%"
"Aug 22, 2018","15.415","15.010","15.035","15.000","0.14K","-0.05%"
"Aug 21, 2018","15.423","15.030","15.030","15.030","0.05K","0.64%"
"Aug 20, 2018","15.325","14.985","15.000","14.935","0.19K","3.79%"
"Aug 19, 2018","14.765","14.750","14.775","14.740","-","-3.45%"
"Aug 17, 2018","15.292","14.890","14.910","14.890","0.11K","-0.54%"
"Aug 16, 2018","15.375","14.885","15.035","14.885","0.02K","1.70%"
"Aug 15, 2018","15.118","15.255","15.255","14.705","0.06K","-4.05%"
"Aug 14, 2018","15.756","15.330","15.355","15.320","0.07K","0.45%"
"Aug 13, 2018","15.686","15.490","15.530","15.270","0.19K","2.36%"
"Aug 12, 2018","15.325","15.310","15.345","15.310","-","-4.23%"
"Aug 10, 2018","16.002","15.695","15.710","15.580","0.15K","-1.04%"
"Aug 09, 2018","16.170","15.795","15.800","15.740","0.19K","0.22%"
"Aug 08, 2018","16.134","15.645","15.725","15.640","0.15K","0.39%"
"Aug 07, 2018","16.072","15.775","15.775","15.650","0.13K","0.18%"
"Aug 06, 2018","16.043","15.635","15.635","15.585","0.05K","3.80%"
"Aug 05, 2018","15.455","15.425","15.455","15.425","-","-4.38%"
"Aug 03, 2018","16.163","15.560","15.765","15.560","0.11K","0.50%"
"Aug 02, 2018","16.083","15.875","15.875","15.875","0.02K","-0.54%"
"Aug 01, 2018","16.170","15.865","15.865","15.865","0.00K","-0.63%"
"Jul 31, 2018","16.273","15.870","15.885","15.870","0.00K","0.16%"
"Jul 30, 2018","16.247","15.805","15.830","15.805","0.01K","4.75%"
"Jul 29, 2018","15.510","15.500","15.530","15.490","-","-4.27%"
"Jul 27, 2018","16.202","15.665","15.775","15.655","0.02K","-0.01%"
"Jul 26, 2018","16.203","15.850","15.850","15.700","0.06K","-0.61%"
"Jul 25, 2018","16.302","16.060","16.060","16.055","0.08K","0.40%"
"Jul 24, 2018","16.237","16.095","16.105","16.000","0.01K","0.57%"
"Jul 23, 2018","16.145","15.690","15.690","15.690","0.05K","3.86%"
"Jul 22, 2018","15.545","15.555","15.555","15.515","-","-4.49%"
"Jul 20, 2018","16.275","15.840","15.840","15.840","0.01K","0.89%"
"Jul 19, 2018","16.131","15.700","15.700","15.585","0.08K","-1.10%"
"Jul 18, 2018","16.311","15.735","15.735","15.735","0.04K","-0.30%"
"Jul 17, 2018","16.360","16.065","16.065","15.935","0.22K","-1.23%"
"Jul 16, 2018","16.564","16.150","16.150","16.135","0.08K","4.60%"
"Jul 15, 2018","15.835","15.805","15.855","15.805","-","-4.43%"
"Jul 13, 2018","16.569","16.115","16.115","16.115","0.26K","-0.98%"
"Jul 12, 2018","16.733","16.155","16.310","16.155","0.40K","1.00%"
"Jul 11, 2018","16.567","16.290","16.290","16.160","0.36K","-1.66%"
"Jul 10, 2018","16.846","16.595","16.595","16.595","0.00K","-0.29%"
"Jul 09, 2018","16.895","16.455","16.465","16.450","0.40K","4.94%"
"Jul 08, 2018","16.100","16.070","16.100","16.070","-","-4.27%"
"Jul 06, 2018","16.819","16.385","16.385","16.380","0.07K","-0.14%"
"Jul 05, 2018","16.842","16.075","16.105","15.895","0.21K","4.41%"
"Jul 04, 2018","16.130","16.080","16.195","16.040","-","-3.91%"
"Jul 03, 2018","16.787","16.350","16.350","16.345","0.06K","1.25%"
"Jul 02, 2018","16.579","16.220","16.225","16.135","0.07K","2.59%"
"Jul 01, 2018","16.160","16.145","16.180","16.135","-","-4.68%"
"Jun 29, 2018","16.953","15.965","16.115","15.910","2.77K","0.95%"
"Jun 28, 2018","16.794","16.460","16.460","16.330","0.00K","-1.15%"
"Jun 27, 2018","16.990","16.550","16.555","16.440","0.02K","-0.55%"
"Jun 26, 2018","17.084","16.685","16.685","16.685","0.01K","-0.47%"
"Jun 25, 2018","17.165","16.815","16.815","16.720","0.01K","4.19%"
"Jun 24, 2018","16.475","16.455","16.485","16.435","-","-4.76%"
"Jun 22, 2018","17.298","16.800","16.800","16.800","0.01K","0.77%"
"Jun 21, 2018","17.166","16.306","16.306","16.306","-","0.12%"
"Jun 20, 2018","17.145","16.289","16.289","16.289","-","-0.09%"
"Jun 19, 2018","17.161","16.730","16.735","16.730","0.00K","-0.71%"
"Jun 18, 2018","17.283","16.880","16.880","16.880","0.00K","4.21%"
"Jun 17, 2018","16.585","16.545","16.590","16.540","-","-4.29%"
"Jun 15, 2018","17.329","17.180","17.220","16.625","0.02K","-4.40%"
"Jun 14, 2018","18.126","17.120","17.285","17.115","0.10K","1.50%"
"Jun 13, 2018","17.858","17.480","17.480","17.480","0.01K","0.57%"
"Jun 12, 2018","17.756","16.849","16.849","16.849","-","-0.35%"
"Jun 11, 2018","17.819","16.870","16.910","16.870","0.02K","6.16%"
"Jun 10, 2018","16.785","16.820","16.825","16.770","-","-4.66%"
"Jun 08, 2018","17.606","16.735","16.760","16.735","0.02K","-0.42%"
"Jun 07, 2018","17.680","17.315","17.315","17.315","0.00K","0.68%"
"Jun 06, 2018","17.561","16.465","16.465","16.455","0.09K","0.81%"
"Jun 05, 2018","17.420","16.355","16.495","16.355","0.02K","0.58%"
"Jun 04, 2018","17.320","16.379","16.379","16.379","0.04K","5.55%"
"Jun 03, 2018","16.410","16.430","16.430","16.405","-","-5.30%"
"Jun 01, 2018","17.328","16.880","16.880","16.880","0.14K","-0.06%"
"May 31, 2018","17.339","16.500","16.500","16.500","0.07K","-0.50%"
"May 30, 2018","17.427","16.340","16.505","16.260","0.40K","1.02%"
"May 29, 2018","17.251","16.400","16.400","16.400","0.13K","4.58%"
"May 28, 2018","16.495","16.510","16.525","16.440","-","-0.09%"
"May 27, 2018","16.510","16.530","16.530","16.490","-","-5.36%"
"May 25, 2018","17.445","16.550","16.550","16.535","0.06K","-0.80%"
"May 24, 2018","17.586","17.270","17.270","17.230","0.01K","1.64%"
"May 23, 2018","17.303","16.295","16.295","16.285","0.03K","-1.00%"
"May 22, 2018","17.478","16.540","16.540","16.540","0.07K","0.32%"
"May 21, 2018","17.423","16.450","16.460","16.450","0.02K","5.88%"
"May 20, 2018","16.455","16.465","16.470","16.425","-","-5.23%"
"May 18, 2018","17.363","16.380","16.405","16.380","0.03K","-0.17%"
"May 17, 2018","17.392","16.830","16.830","16.830","0.01K","0.64%"
"May 16, 2018","17.282","16.297","16.297","16.297","0.05K","0.61%"
"May 15, 2018","17.178","16.720","16.720","16.720","0.00K","-2.20%"
"May 14, 2018","17.565","16.650","16.650","16.550","0.07K","5.02%"
"May 13, 2018","16.725","16.700","16.730","16.685","-","-5.39%"
"May 11, 2018","17.678","16.725","16.725","16.725","0.08K","-0.03%"
"May 10, 2018","17.684","16.460","16.685","16.455","0.04K","1.25%"
"May 09, 2018","17.465","16.515","16.515","16.455","0.15K","0.37%"
"May 08, 2018","17.400","16.975","16.975","16.945","0.00K","-0.08%"
"May 07, 2018","17.414","16.955","16.955","16.955","0.00K","5.32%"
"May 06, 2018","16.535","16.560","16.565","16.535","-","-5.17%"
"May 04, 2018","17.436","16.935","16.935","16.935","0.00K","0.44%"
"May 03, 2018","17.360","16.370","16.530","16.340","0.64K","0.42%"
"May 02, 2018","17.287","16.760","16.760","16.760","0.00K","1.46%"
"May 01, 2018","17.038","16.280","16.285","16.000","1.41K","-1.62%"
"Apr 30, 2018","17.319","16.475","16.485","16.140","1.57K","5.25%"
"Apr 29, 2018","16.455","16.475","16.475","16.455","-","-5.53%"
"Apr 27, 2018","17.418","16.950","16.950","16.950","0.00K","2.24%"
"Apr 26, 2018","17.036","16.960","16.960","16.960","0.00K","-0.05%"
"Apr 25, 2018","17.045","17.020","17.020","17.020","0.00K","-1.15%"
"Apr 24, 2018","17.244","17.210","17.210","17.210","0.00K","0.74%"
"Apr 23, 2018","17.117","17.430","17.430","17.155","0.00K","0.19%"
"Apr 22, 2018","17.085","17.115","17.135","17.070","-","-3.29%"
"Apr 20, 2018","17.666","17.730","17.730","17.730","0.00K","2.58%"
"Apr 19, 2018","17.222","17.170","17.170","17.170","0.00K","-3.03%"
"Apr 18, 2018","17.761","17.705","17.705","17.705","0.00K","5.90%"
"Apr 17, 2018","16.772","16.772","16.772","16.772","-","0.66%"
"Apr 16, 2018","16.662","16.662","16.662","16.662","0.12K","0.22%"
"Apr 15, 2018","16.625","16.660","16.670","16.565","-","-0.02%"
"Apr 13, 2018","16.628","16.628","16.628","16.628","-","1.13%"
"Apr 12, 2018","16.443","16.615","16.615","16.600","0.00K","-1.76%"
"Apr 11, 2018","16.738","16.738","16.738","16.738","-","1.04%"
"Apr 10, 2018","16.566","16.410","16.565","16.410","0.01K","-2.90%"
"Apr 09, 2018","17.061","17.065","17.065","17.065","0.03K","4.13%"
"Apr 08, 2018","16.385","16.390","16.405","16.375","-","-3.10%"
"Apr 06, 2018","16.910","16.880","16.880","16.880","0.01K","3.62%"
"Apr 05, 2018","16.320","16.200","16.305","16.190","0.01K","-2.92%"
"Apr 04, 2018","16.811","16.930","16.930","16.880","0.01K","2.84%"
"Apr 03, 2018","16.347","16.347","16.347","16.347","-","-5.21%"
"Apr 02, 2018","17.245","16.940","17.010","16.940","0.01K","5.31%"
"Apr 01, 2018","16.375","16.335","16.395","16.325","-","0.94%"
"Mar 29, 2018","16.223","16.250","16.250","16.210","0.04K","0.11%"
"Mar 28, 2018","16.205","16.450","16.450","16.195","0.08K","-1.72%"
"Mar 27, 2018","16.489","16.505","16.505","16.505","0.00K","-4.54%"
"Mar 26, 2018","17.274","17.150","17.150","17.150","0.00K","3.97%"
"Mar 25, 2018","16.615","16.560","16.655","16.560","-","-3.23%"
"Mar 23, 2018","17.169","17.160","17.210","17.155","0.01K","5.15%"
"Mar 22, 2018","16.328","16.490","16.505","16.490","0.00K","-0.18%"
"Mar 21, 2018","16.357","16.385","16.530","16.385","0.08K","-2.43%"
"Mar 20, 2018","16.764","16.730","16.765","16.730","0.04K","3.13%"
"Mar 19, 2018","16.255","16.165","16.260","16.165","0.14K","-0.28%"
"Mar 18, 2018","16.300","16.315","16.335","16.280","-","-3.22%"
"Mar 16, 2018","16.843","16.840","16.840","16.840","0.00K","-0.87%"
"Mar 15, 2018","16.991","17.010","17.010","17.010","0.00K","-0.71%"
"Mar 14, 2018","17.112","17.110","17.110","17.110","0.03K","-0.55%"
"Mar 13, 2018","17.206","17.115","17.115","17.115","0.01K","4.46%"
"Mar 12, 2018","16.471","16.565","16.565","16.390","0.05K","-0.90%"
"Mar 11, 2018","16.620","16.590","16.635","16.590","-","-3.30%"
"Mar 09, 2018","17.187","17.230","17.230","17.230","0.00K","4.57%"
"Mar 08, 2018","16.436","16.440","16.465","16.375","0.07K","0.05%"
"Mar 07, 2018","16.428","16.640","16.640","16.400","0.03K","-1.72%"
"Mar 06, 2018","16.715","16.370","16.810","16.370","0.34K","-1.55%"
"Mar 05, 2018","16.979","17.155","17.165","17.080","0.03K","2.69%"
"Mar 04, 2018","16.535","16.540","16.560","16.505","-","0.87%"
"Mar 02, 2018","16.392","16.390","16.495","16.360","0.08K","1.19%"
"Mar 01, 2018","16.200","16.350","16.465","16.090","0.56K","-0.76%"
"Feb 28, 2018","16.324","16.335","16.430","16.300","1.02K","-0.13%"
"Feb 27, 2018","16.346","16.610","16.650","16.260","23.90K","-1.18%"
"Feb 26, 2018","16.542","16.542","16.542","16.542","-","0.56%"
"Feb 25, 2018","16.450","16.455","16.480","16.445","-","-0.16%"
"Feb 23, 2018","16.476","16.550","16.555","16.550","0.02K","-0.62%"
"Feb 22, 2018","16.579","16.570","16.570","16.570","0.02K","-0.15%"
"Feb 21, 2018","16.604","16.604","16.604","16.604","-","1.09%"
"Feb 20, 2018","16.425","16.425","16.425","16.425","0.03K","-1.11%"
"Feb 19, 2018","16.610","16.600","16.690","16.570","-","0.03%"
"Feb 18, 2018","16.605","16.600","16.645","16.595","-","-0.54%"
"Feb 16, 2018","16.695","16.695","16.695","16.695","0.00K","-0.49%"
"Feb 15, 2018","16.777","16.777","16.777","16.777","0.02K","-0.48%"
"Feb 14, 2018","16.858","16.858","16.858","16.858","0.20K","2.13%"
"Feb 13, 2018","16.507","16.507","16.507","16.507","0.00K","-0.25%"
"Feb 12, 2018","16.548","16.375","16.375","16.345","0.00K","1.40%"
"Feb 11, 2018","16.320","16.295","16.325","16.280","-","1.27%"
"Feb 09, 2018","16.116","16.116","16.116","16.116","0.02K","-1.21%"
"Feb 08, 2018","16.314","16.314","16.314","16.314","0.01K","0.67%"
"Feb 07, 2018","16.206","16.630","16.630","16.630","0.00K","-2.07%"
"Feb 06, 2018","16.548","16.705","16.705","16.540","0.21K","-0.55%"
"Feb 05, 2018","16.639","16.639","16.639","16.639","0.01K","0.27%"
"Feb 04, 2018","16.595","16.555","16.625","16.515","-","-0.49%"
"Feb 02, 2018","16.676","16.676","16.676","16.676","0.00K","-2.58%"
"Feb 01, 2018","17.118","17.118","17.118","17.118","-","-0.50%"
"Jan 31, 2018","17.204","17.175","17.210","17.175","0.02K","1.12%"
"Jan 30, 2018","17.013","17.055","17.185","17.025","0.02K","-0.32%"
"Jan 29, 2018","17.068","17.068","17.068","17.068","0.02K","-1.96%"
"Jan 28, 2018","17.410","17.420","17.440","17.365","-","0.16%"
"Jan 26, 2018","17.382","17.382","17.382","17.382","0.00K","-4.72%"
"Jan 25, 2018","18.244","18.300","18.300","18.300","0.03K","4.70%"
"Jan 24, 2018","17.425","17.425","17.425","17.425","0.00K","-0.61%"
"Jan 23, 2018","17.532","17.480","17.480","17.480","0.00K","3.55%"
"Jan 22, 2018","16.931","16.985","16.985","16.985","0.00K","-0.87%"
"Jan 21, 2018","17.080","17.060","17.100","17.040","-","0.62%"
"Jan 19, 2018","16.975","16.935","16.990","16.935","0.04K","0.49%"
"Jan 18, 2018","16.893","17.000","17.010","16.960","0.01K","-1.24%"
"Jan 17, 2018","17.105","17.095","17.120","16.970","0.09K","-0.10%"
"Jan 16, 2018","17.122","17.305","17.325","17.305","0.00K","-1.48%"
"Jan 15, 2018","17.380","17.240","17.445","17.225","-","0.78%"
"Jan 14, 2018","17.245","17.240","17.270","17.225","-","1.03%"
"Jan 12, 2018","17.069","16.925","17.120","16.920","0.05K","1.04%"
"Jan 11, 2018","16.894","16.955","16.965","16.905","0.04K","-4.03%"
"Jan 10, 2018","17.603","17.555","17.555","17.555","0.00K","3.94%"
"Jan 09, 2018","16.936","16.945","16.945","16.945","0.01K","-0.75%"
"Jan 08, 2018","17.064","17.064","17.064","17.064","-","-1.19%"
"Jan 07, 2018","17.270","17.280","17.285","17.270","-","0.38%"
"Jan 05, 2018","17.205","17.205","17.205","17.205","0.00K","0.09%"
"Jan 04, 2018","17.189","17.085","17.230","17.085","0.03K","0.02%"
"Jan 03, 2018","17.185","17.080","17.160","17.080","0.00K","0.37%"
"Jan 02, 2018","17.121","17.155","17.160","17.125","0.03K","0.30%"
"Jan 01, 2018","17.070","17.025","17.085","17.020","-","0.06%"
